{
	"credit": "Made by Iani",
	"texture_size": [32, 32],
	"textures": {
		"5": "custom/golden_axe"
	},
	"elements": [
		{
			"from": [7, -3, 7.5],
			"to": [9, 16, 8.5],
			"rotation": {"angle": 0, "axis": "y", "origin": [8, 0, 8]},
			"faces": {
				"north": {"uv": [0, 1, 1, 10.5], "texture": "#5"},
				"east": {"uv": [2.5, 1, 3, 10.5], "texture": "#5"},
				"south": {"uv": [1.5, 1, 2.5, 10.5], "texture": "#5"},
				"west": {"uv": [1, 1, 1.5, 10.5], "texture": "#5"},
				"up": {"uv": [1.5, 1, 1, 0], "rotation": 270, "texture": "#5"},
				"down": {"uv": [2, 0, 1.5, 1], "rotation": 90, "texture": "#5"}
			}
		},
		{
			"from": [4, 10, 7],
			"to": [10, 15, 9],
			"rotation": {"angle": 0, "axis": "y", "origin": [8, 0, 8]},
			"faces": {
				"north": {"uv": [3, 3, 6, 5.5], "texture": "#5"},
				"east": {"uv": [10, 3, 11, 5.5], "texture": "#5"},
				"south": {"uv": [7, 3, 10, 5.5], "texture": "#5"},
				"west": {"uv": [6, 3, 7, 5.5], "texture": "#5"},
				"up": {"uv": [7, 3, 6, 0], "rotation": 270, "texture": "#5"},
				"down": {"uv": [8, 0, 7, 3], "rotation": 90, "texture": "#5"}
			}
		},
		{
			"from": [4, 9, 7],
			"to": [6, 10, 9],
			"rotation": {"angle": 0, "axis": "y", "origin": [8, 0, 8]},
			"faces": {
				"north": {"uv": [8, 1, 9, 1.5], "texture": "#5"},
				"east": {"uv": [11, 1, 12, 1.5], "texture": "#5"},
				"south": {"uv": [10, 1, 11, 1.5], "texture": "#5"},
				"west": {"uv": [9, 1, 10, 1.5], "texture": "#5"},
				"up": {"uv": [10, 1, 9, 0], "rotation": 270, "texture": "#5"},
				"down": {"uv": [11, 0, 10, 1], "rotation": 90, "texture": "#5"}
			}
		},
		{
			"from": [2, 8, 8],
			"to": [6, 16, 8],
			"rotation": {"angle": 0, "axis": "y", "origin": [8, 0, 8]},
			"faces": {
				"north": {"uv": [3, 5.5, 5, 9.5], "texture": "#5"},
				"east": {"uv": [7, 5.5, 7, 9.5], "texture": "#5"},
				"south": {"uv": [5, 5.5, 7, 9.5], "texture": "#5"},
				"west": {"uv": [5, 5.5, 5, 9.5], "texture": "#5"},
				"up": {"uv": [5, 5.5, 5, 3.5], "rotation": 270, "texture": "#5"},
				"down": {"uv": [5, 3.5, 5, 5.5], "rotation": 90, "texture": "#5"}
			}
		}
	],
	"gui_light": "front",
	"display": {
		"thirdperson_righthand": {
			"rotation": [0, -90, 0],
			"translation": [0, 5, 2]
		},
		"thirdperson_lefthand": {
			"rotation": [0, 90, 0],
			"translation": [0, 5, 2]
		},
		"firstperson_righthand": {
			"rotation": [15, -90, 0],
			"translation": [1.13, 3.2, 1.13],
			"scale": [0.68, 0.68, 0.68]
		},
		"firstperson_lefthand": {
			"rotation": [15, 90, 0],
			"translation": [1.13, 3.2, 1.13],
			"scale": [0.68, 0.68, 0.68]
		},
		"ground": {
			"rotation": [0, 0, 45],
			"translation": [0, 2, 0],
			"scale": [0.5, 0.5, 0.5]
		},
		"gui": {
			"rotation": [0, 0, -45],
			"translation": [1.25, -0.75, 0]
		},
		"fixed": {
			"rotation": [0, 180, -45],
			"translation": [-2, -0.5, 0]
		}
	}
}