{
	"credit": "Made with Blockbench",
	"texture_size": [32, 32],
	"textures": {
		"0": "custom/netherite_pickaxe"
	},
	"elements": [
		{
			"from": [7, -2, 7],
			"to": [9, 12, 8],
			"rotation": {"angle": 0, "axis": "y", "origin": [8, 0, 8]},
			"faces": {
				"north": {"uv": [0.5, 0.5, 1.5, 7.5], "texture": "#0"},
				"east": {"uv": [0, 0.5, 0.5, 7.5], "texture": "#0"},
				"south": {"uv": [2, 0.5, 3, 7.5], "texture": "#0"},
				"west": {"uv": [1.5, 0.5, 2, 7.5], "texture": "#0"},
				"up": {"uv": [1.5, 0.5, 0.5, 0], "texture": "#0"},
				"down": {"uv": [2.5, 0, 1.5, 0.5], "texture": "#0"}
			}
		},
		{
			"from": [6, 9, 7],
			"to": [10, 11, 8],
			"rotation": {"angle": 0, "axis": "y", "origin": [8, 0, 8]},
			"faces": {
				"north": {"uv": [3.5, 0.5, 5.5, 1.5], "texture": "#0"},
				"east": {"uv": [3, 0.5, 3.5, 1.5], "texture": "#0"},
				"south": {"uv": [6, 0.5, 8, 1.5], "texture": "#0"},
				"west": {"uv": [5.5, 0.5, 6, 1.5], "texture": "#0"},
				"up": {"uv": [5.5, 0.5, 3.5, 0], "texture": "#0"},
				"down": {"uv": [7.5, 0, 5.5, 0.5], "texture": "#0"}
			}
		},
		{
			"from": [2.5, 7, 7.5],
			"to": [13.5, 11, 7.5],
			"rotation": {"angle": 0, "axis": "y", "origin": [8, 0, 8]},
			"faces": {
				"north": {"uv": [0, 7.5, 5.5, 9.5], "texture": "#0"},
				"east": {"uv": [0, 7.5, 0, 9.5], "texture": "#0"},
				"south": {"uv": [5.5, 7.5, 11, 9.5], "texture": "#0"},
				"west": {"uv": [5.5, 7.5, 5.5, 9.5], "texture": "#0"},
				"up": {"uv": [5.5, 7.5, 0, 7.5], "texture": "#0"},
				"down": {"uv": [11, 7.5, 5.5, 7.5], "texture": "#0"}
			}
		}
	],
	"gui_light": "front",
	"display": {
		"thirdperson_righthand": {
			"rotation": [0, 90, 0],
			"translation": [0.5, 5, 2]
		},
		"thirdperson_lefthand": {
			"rotation": [0, 90, 0],
			"translation": [0.5, 5, 2]
		},
		"firstperson_righthand": {
			"rotation": [15, -90, 0],
			"translation": [1.13, 3.2, 1.13],
			"scale": [0.68, 0.68, 0.68]
		},
		"firstperson_lefthand": {
			"rotation": [15, 90, 0],
			"translation": [1.13, 3.2, 1.13],
			"scale": [0.68, 0.68, 0.68]
		},
		"ground": {
			"rotation": [0, 0, 45],
			"translation": [0, 2, 0],
			"scale": [0.5, 0.5, 0.5]
		},
		"gui": {
			"rotation": [0, 0, -45],
			"translation": [1.5, 1.25, 1]
		},
		"fixed": {
			"rotation": [0, 0, 45],
			"translation": [-1.5, 1.25, 1]
		}
	}
}