{
	"credit": "Made with Blockbench",
	"texture_size": [32, 32],
	"textures": {
		"0": "custom/stone_shovel"
	},
	"elements": [
		{
			"from": [7, -5, 7.5],
			"to": [9, 12, 8.5],
			"rotation": {"angle": 0, "axis": "y", "origin": [8, 0, 8]},
			"faces": {
				"north": {"uv": [0.5, 0.5, 1.5, 9], "texture": "#0"},
				"east": {"uv": [0, 0.5, 0.5, 9], "texture": "#0"},
				"south": {"uv": [2, 0.5, 3, 9], "texture": "#0"},
				"west": {"uv": [1.5, 0.5, 2, 9], "texture": "#0"},
				"up": {"uv": [1.5, 0.5, 0.5, 0], "texture": "#0"},
				"down": {"uv": [2.5, 0, 1.5, 0.5], "texture": "#0"}
			}
		},
		{
			"from": [4.5, 10, 8.5],
			"to": [11.5, 18, 8.5],
			"rotation": {"angle": 0, "axis": "y", "origin": [8, 0, 8]},
			"faces": {
				"north": {"uv": [3, 0, 6.5, 4], "texture": "#0"},
				"east": {"uv": [3, 0, 3, 4], "texture": "#0"},
				"south": {"uv": [6.5, 0, 10, 4], "texture": "#0"},
				"west": {"uv": [6.5, 0, 6.5, 4], "texture": "#0"},
				"up": {"uv": [6.5, 0, 3, 0], "texture": "#0"},
				"down": {"uv": [10, 0, 6.5, 0], "texture": "#0"}
			}
		}
	],
	"display": {
		"thirdperson_righthand": {
			"rotation": [0, 180, 0],
			"translation": [0, 6, 1.5]
		},
		"thirdperson_lefthand": {
			"rotation": [0, 180, 0],
			"translation": [0, 6, 1.5]
		},
		"firstperson_righthand": {
			"rotation": [0, 135, 16],
			"translation": [0.5, 0, 0]
		},
		"firstperson_lefthand": {
			"rotation": [0, 135, 16],
			"translation": [0.5, 0, 0]
		},
		"ground": {
			"rotation": [0, 0, 45],
			"translation": [0, 2, 0],
			"scale": [0.5, 0.5, 0.5]
		},
		"gui": {
			"rotation": [0, 0, -45],
			"translation": [1.25, 1, 0],
			"scale": [0.75, 0.75, 0.75]
		},
		"fixed": {
			"rotation": [0, 0, 45],
			"translation": [-1.25, 1.25, 0.5],
			"scale": [0.75, 0.75, 0.75]
		}
	}
}