{
	"credit": "Made by Iani",
	"texture_size": [32, 32],
	"textures": {
		"1": "custom/stone_sword"
	},
	"elements": [
		{
			"name": "point",
			"from": [6.5, 15, 8],
			"to": [9.5, 18, 8],
			"rotation": {"angle": 0, "axis": "z", "origin": [8, 15, 8]},
			"faces": {
				"north": {"uv": [9, 0, 10.5, 1.5], "texture": "#1"},
				"east": {"uv": [9, 0, 9, 1.5], "texture": "#1"},
				"south": {"uv": [10.5, 0, 12, 1.5], "texture": "#1"},
				"west": {"uv": [10.5, 0, 10.5, 1.5], "texture": "#1"},
				"up": {"uv": [10.5, 0, 9, 0], "texture": "#1"},
				"down": {"uv": [12, 0, 10.5, 0], "texture": "#1"}
			}
		},
		{
			"name": "central_edge",
			"from": [7.5, 15, 7.5],
			"to": [8.5, 17, 8.5],
			"rotation": {"angle": 0, "axis": "z", "origin": [8, 15, 8]},
			"faces": {
				"north": {"uv": [14.5, 7, 15, 8], "texture": "#1"},
				"east": {"uv": [14, 7, 14.5, 8], "texture": "#1"},
				"south": {"uv": [15.5, 7, 16, 8], "texture": "#1"},
				"west": {"uv": [15, 7, 15.5, 8], "texture": "#1"},
				"up": {"uv": [15, 7, 14.5, 6.5], "texture": "#1"},
				"down": {"uv": [15.5, 6.5, 15, 7], "texture": "#1"}
			}
		},
		{
			"name": "blade",
			"from": [6.5, 3, 7.5],
			"to": [9.5, 15, 8.5],
			"rotation": {"angle": 0, "axis": "z", "origin": [8, 3, 8]},
			"faces": {
				"north": {"uv": [12.5, 0.5, 14, 6.5], "texture": "#1"},
				"east": {"uv": [12, 0.5, 12.5, 6.5], "texture": "#1"},
				"south": {"uv": [14.5, 0.5, 16, 6.5], "texture": "#1"},
				"west": {"uv": [14, 0.5, 14.5, 6.5], "texture": "#1"},
				"up": {"uv": [14, 0.5, 12.5, 0], "texture": "#1"},
				"down": {"uv": [15.5, 0, 14, 0.5], "texture": "#1"}
			}
		},
		{
			"name": "cross_guard",
			"from": [4.5, 2, 7],
			"to": [11.5, 3, 9],
			"rotation": {"angle": 0, "axis": "z", "origin": [8, 2, 8]},
			"faces": {
				"north": {"uv": [3, 3.5, 6.5, 4], "texture": "#1"},
				"east": {"uv": [2, 3.5, 3, 4], "texture": "#1"},
				"south": {"uv": [7.5, 3.5, 11, 4], "texture": "#1"},
				"west": {"uv": [6.5, 3.5, 7.5, 4], "texture": "#1"},
				"up": {"uv": [6.5, 3.5, 3, 2.5], "texture": "#1"},
				"down": {"uv": [10, 2.5, 6.5, 3.5], "texture": "#1"}
			}
		},
		{
			"name": "handle",
			"from": [7, -3, 7.5],
			"to": [9, 2, 8.5],
			"rotation": {"angle": 0, "axis": "z", "origin": [8, 0, 8]},
			"faces": {
				"north": {"uv": [0.5, 0.5, 1.5, 3], "texture": "#1"},
				"east": {"uv": [0, 0.5, 0.5, 3], "texture": "#1"},
				"south": {"uv": [2, 0.5, 3, 3], "texture": "#1"},
				"west": {"uv": [1.5, 0.5, 2, 3], "texture": "#1"},
				"up": {"uv": [1.5, 0.5, 0.5, 0], "texture": "#1"},
				"down": {"uv": [2.5, 0, 1.5, 0.5], "texture": "#1"}
			}
		},
		{
			"name": "pommel",
			"from": [6.5, -5.5, 7],
			"to": [9.5, -2.5, 9],
			"rotation": {"angle": -45, "axis": "z", "origin": [8, -4, 8]},
			"faces": {
				"north": {"uv": [4, 1, 5.5, 2.5], "rotation": 90, "texture": "#1"},
				"east": {"uv": [7, 0, 5.5, 1], "rotation": 270, "texture": "#1"},
				"south": {"uv": [6.5, 1, 8, 2.5], "rotation": 270, "texture": "#1"},
				"west": {"uv": [5.5, 1, 4, 0], "rotation": 270, "texture": "#1"},
				"up": {"uv": [3, 1, 4, 2.5], "rotation": 270, "texture": "#1"},
				"down": {"uv": [5.5, 1, 6.5, 2.5], "rotation": 270, "texture": "#1"}
			}
		}
	],
	"gui_light": "front",
	"display": {
		"thirdperson_righthand": {
			"rotation": [0, 90, 0],
			"translation": [0, 6, 2]
		},
		"thirdperson_lefthand": {
			"rotation": [0, 90, 0],
			"translation": [0, 6, 2]
		},
		"firstperson_righthand": {
			"rotation": [10, -90, 0],
			"translation": [2, 3.2, 1.5],
			"scale": [0.68, 0.68, 0.68]
		},
		"firstperson_lefthand": {
			"rotation": [10, 90, 0],
			"translation": [2, 3.2, 1.5],
			"scale": [0.68, 0.68, 0.68]
		},
		"ground": {
			"rotation": [0, 0, 45],
			"translation": [0, 2, 0],
			"scale": [0.5, 0.5, 0.5]
		},
		"gui": {
			"rotation": [0, 0, -45],
			"translation": [1.5, 1.5, 0]
		},
		"fixed": {
			"rotation": [1, 0, 45],
			"translation": [-1.5, 1.5, 0]
		}
	}
}