{
	"credit": "Made with Blockbench",
	"texture_size": [32, 32],
	"textures": {
		"0": "custom/wooden_hoe"
	},
	"elements": [
		{
			"from": [7, -3, 7.5],
			"to": [9, 14, 8.5],
			"rotation": {"angle": 0, "axis": "y", "origin": [8, 0, 8]},
			"faces": {
				"north": {"uv": [0.5, 0.5, 1.5, 9], "texture": "#0"},
				"east": {"uv": [0, 0.5, 0.5, 9], "texture": "#0"},
				"south": {"uv": [2, 0.5, 3, 9], "texture": "#0"},
				"west": {"uv": [1.5, 0.5, 2, 9], "texture": "#0"},
				"up": {"uv": [1.5, 0.5, 0.5, 0], "texture": "#0"},
				"down": {"uv": [2.5, 0, 1.5, 0.5], "texture": "#0"}
			}
		},
		{
			"from": [7, -5, 7.5],
			"to": [9, -3, 8.5],
			"rotation": {"angle": 0, "axis": "y", "origin": [8, 0, 8]},
			"faces": {
				"north": {"uv": [9.5, 0.5, 10.5, 1.5], "texture": "#0"},
				"east": {"uv": [9, 0.5, 9.5, 1.5], "texture": "#0"},
				"south": {"uv": [11, 0.5, 12, 1.5], "texture": "#0"},
				"west": {"uv": [10.5, 0.5, 11, 1.5], "texture": "#0"},
				"up": {"uv": [10.5, 0.5, 9.5, 0], "texture": "#0"},
				"down": {"uv": [11.5, 0, 10.5, 0.5], "texture": "#0"}
			}
		},
		{
			"from": [9, -3, 8.5],
			"to": [7, -5, 7.5],
			"rotation": {"angle": 0, "axis": "y", "origin": [8, 0, 8]},
			"faces": {
				"north": {"uv": [11, 1.5, 12, 0.5], "texture": "#0"},
				"east": {"uv": [10.5, 1.5, 11, 0.5], "texture": "#0"},
				"south": {"uv": [9.5, 1.5, 10.5, 0.5], "texture": "#0"},
				"west": {"uv": [9, 1.5, 9.5, 0.5], "texture": "#0"},
				"up": {"uv": [10.5, 0, 11.5, 0.5], "texture": "#0"},
				"down": {"uv": [9.5, 0.5, 10.5, 0], "texture": "#0"}
			}
		},
		{
			"from": [7, 14, 7.5],
			"to": [9, 15, 8.5],
			"rotation": {"angle": 0, "axis": "y", "origin": [8, 0, 8]},
			"faces": {
				"north": {"uv": [12.5, 0.5, 13.5, 1], "texture": "#0"},
				"east": {"uv": [12, 0.5, 12.5, 1], "texture": "#0"},
				"south": {"uv": [14, 0.5, 15, 1], "texture": "#0"},
				"west": {"uv": [13.5, 0.5, 14, 1], "texture": "#0"},
				"up": {"uv": [13.5, 0.5, 12.5, 0], "texture": "#0"},
				"down": {"uv": [14.5, 0, 13.5, 0.5], "texture": "#0"}
			}
		},
		{
			"from": [9, 15, 8.5],
			"to": [7, 14, 7.5],
			"rotation": {"angle": 0, "axis": "y", "origin": [8, 0, 8]},
			"faces": {
				"north": {"uv": [14, 1, 15, 0.5], "texture": "#0"},
				"east": {"uv": [13.5, 1, 14, 0.5], "texture": "#0"},
				"south": {"uv": [12.5, 1, 13.5, 0.5], "texture": "#0"},
				"west": {"uv": [12, 1, 12.5, 0.5], "texture": "#0"},
				"up": {"uv": [13.5, 0, 14.5, 0.5], "texture": "#0"},
				"down": {"uv": [12.5, 0.5, 13.5, 0], "texture": "#0"}
			}
		},
		{
			"from": [1, 10, 8],
			"to": [7, 13, 8],
			"rotation": {"angle": 0, "axis": "y", "origin": [8, 0, 8]},
			"faces": {
				"north": {"uv": [3, 0, 6, 1.5], "texture": "#0"},
				"east": {"uv": [3, 0, 3, 1.5], "texture": "#0"},
				"south": {"uv": [6, 0, 9, 1.5], "texture": "#0"},
				"west": {"uv": [6, 0, 6, 1.5], "texture": "#0"},
				"up": {"uv": [6, 0, 3, 0], "texture": "#0"},
				"down": {"uv": [9, 0, 6, 0], "texture": "#0"}
			}
		}
	],
	"gui_light": "front",
	"display": {
		"thirdperson_righthand": {
			"rotation": [0, -90, 0],
			"translation": [0, 6, 2]
		},
		"thirdperson_lefthand": {
			"rotation": [0, 90, 0],
			"translation": [0, 6, 2]
		},
		"firstperson_righthand": {
			"rotation": [15, -90, 0],
			"translation": [1.13, 3.2, 1.88],
			"scale": [0.68, 0.68, 0.68]
		},
		"firstperson_lefthand": {
			"rotation": [15, 90, 0],
			"translation": [1.13, 3.2, 1.88],
			"scale": [0.68, 0.68, 0.68]
		},
		"ground": {
			"rotation": [0, 0, 45],
			"translation": [0, 2, 0],
			"scale": [0.5, 0.5, 0.5]
		},
		"gui": {
			"rotation": [0, 180, 45],
			"translation": [1.25, 1.75, 0]
		},
		"fixed": {
			"rotation": [0, 0, 45],
			"translation": [-0.5, 2.25, 0.5]
		}
	}
}