{
  "variants": {
    "facing=east,lit=false": {
      "model": "nethersdelight:block/nether_brick_smoker",
      "y": 90
    },
    "facing=east,lit=true": {
      "model": "nethersdelight:block/nether_brick_smoker_on",
      "y": 90
    },
    "facing=north,lit=false": {
      "model": "nethersdelight:block/nether_brick_smoker"
    },
    "facing=north,lit=true": {
      "model": "nethersdelight:block/nether_brick_smoker_on"
    },
    "facing=south,lit=false": {
      "model": "nethersdelight:block/nether_brick_smoker",
      "y": 180
    },
    "facing=south,lit=true": {
      "model": "nethersdelight:block/nether_brick_smoker_on",
      "y": 180
    },
    "facing=west,lit=false": {
      "model": "nethersdelight:block/nether_brick_smoker",
      "y": 270
    },
    "facing=west,lit=true": {
      "model": "nethersdelight:block/nether_brick_smoker_on",
      "y": 270
    }
  }
}