{
	"texture_size": [32, 32],
	"ambientocclusion": "false",
	"textures": {
		"1": "nethersdelight:block/trophy_mounting",
		"2": "nethersdelight:block/trophy_mounting_back",
		"3": "nethersdelight:block/hoglin_trophy",
		"particle": "nethersdelight:block/hoglin_trophy"
	},
	"elements": [
		{
			"from": [0, 0, 15],
			"to": [16, 16, 16],
			"rotation": {"angle": 0, "axis": "y", "origin": [8, 8, 15.5]},
			"faces": {
				"north": {"uv": [0, 0, 16, 16], "texture": "#1"},
				"east": {"uv": [0, 0, 1, 16], "texture": "#1"},
				"south": {"uv": [0, 0, 16, 16], "texture": "#2"},
				"west": {"uv": [0, 0, 1, 16], "texture": "#1"},
				"up": {"uv": [0, 0, 16, 1], "texture": "#1"},
				"down": {"uv": [0, 0, 16, 1], "texture": "#1"}
			}
		},
		{
			"name": "head",
			"from": [2, -3, 8],
			"to": [14, 12, 13],
			"rotation": {"angle": 45, "axis": "x", "origin": [8, 9, 13.5]},
			"faces": {
				"north": {"uv": [0, 0, 6, 7.5], "rotation": 180, "texture": "#3"},
				"east": {"uv": [0, 7.5, 7.5, 10], "rotation": 90, "texture": "#3"},
				"south": {"uv": [6, 0, 12, 7.5], "texture": "#3"},
				"west": {"uv": [0, 10, 7.5, 12.5], "rotation": 270, "texture": "#3"},
				"up": {"uv": [0, 12.5, 6, 15], "texture": "#3"},
				"down": {"uv": [6, 12.5, 12, 15], "rotation": 180, "texture": "#3"}
			}
		},
		{
			"name": "Lears",
			"from": [0.35089, 7.73673, 9],
			"to": [1.35089, 12.73673, 13],
			"rotation": {"angle": -22.5, "axis": "z", "origin": [0.85089, 10.23673, 10]},
			"faces": {
				"north": {"uv": [11.5, 7.5, 12, 10], "texture": "#3"},
				"east": {"uv": [9.5, 7.5, 11.5, 10], "texture": "#3"},
				"south": {"uv": [12, 7.5, 12.5, 10], "texture": "#3"},
				"west": {"uv": [7.5, 7.5, 9.5, 10], "texture": "#3"},
				"up": {"uv": [12, 10, 12.5, 12], "texture": "#3"},
				"down": {"uv": [11.5, 10, 12, 12], "texture": "#3"}
			}
		},
		{
			"name": "Lears",
			"from": [14.27475, 8.09222, 9],
			"to": [15.27475, 13.09222, 13],
			"rotation": {"angle": 22.5, "axis": "z", "origin": [15.8509, 11.2367, 10]},
			"faces": {
				"north": {"uv": [12.5, 7.5, 13, 10], "texture": "#3"},
				"east": {"uv": [9.5, 10, 11.5, 12.5], "texture": "#3"},
				"south": {"uv": [13, 7.5, 13.5, 10], "texture": "#3"},
				"west": {"uv": [7.5, 10, 9.5, 12.5], "texture": "#3"},
				"up": {"uv": [13, 10, 13.5, 12], "texture": "#3"},
				"down": {"uv": [12.5, 10, 13, 12], "texture": "#3"}
			}
		},
		{
			"name": "body",
			"from": [1, 5, 13],
			"to": [15, 12, 15],
			"rotation": {"angle": 0, "axis": "y", "origin": [0, 0, -1]},
			"faces": {
				"north": {"uv": [12, 0, 15.5, 7], "rotation": 270, "texture": "#3"},
				"east": {"uv": [12, 0, 15.5, 1], "rotation": 270, "texture": "#3"},
				"south": {"uv": [12, 0, 15.5, 7], "rotation": 90, "texture": "#3"},
				"west": {"uv": [12, 6, 15.5, 7], "rotation": 270, "texture": "#3"},
				"up": {"uv": [14.5, 0, 15.5, 7], "rotation": 90, "texture": "#3"},
				"down": {"uv": [12, 0, 12.5, 7], "rotation": 270, "texture": "#3"}
			}
		},
		{
			"name": "Lfang",
			"from": [1, 4, 6],
			"to": [3, 15, 8],
			"rotation": {"angle": -45, "axis": "x", "origin": [1, 4, 6]},
			"faces": {
				"north": {"uv": [14.5, 7.5, 15.5, 13], "texture": "#3"},
				"east": {"uv": [13.5, 7.5, 14.5, 13], "texture": "#3"},
				"south": {"uv": [14.5, 7.5, 15.5, 13], "texture": "#3"},
				"west": {"uv": [13.5, 7.5, 14.5, 13], "texture": "#3"},
				"up": {"uv": [14.5, 13, 15.5, 14], "texture": "#3"},
				"down": {"uv": [13.5, 13, 14.5, 14], "texture": "#3"}
			}
		},
		{
			"name": "Rfang",
			"from": [13, 4, 6],
			"to": [15, 15, 8],
			"rotation": {"angle": -45, "axis": "x", "origin": [1, 4, 6]},
			"faces": {
				"north": {"uv": [14.5, 7.5, 15.5, 13], "texture": "#3"},
				"east": {"uv": [13.5, 7.5, 14.5, 13], "texture": "#3"},
				"south": {"uv": [14.5, 7.5, 15.5, 13], "texture": "#3"},
				"west": {"uv": [13.5, 7.5, 14.5, 13], "texture": "#3"},
				"up": {"uv": [14.5, 13, 15.5, 14], "texture": "#3"},
				"down": {"uv": [13.5, 13, 14.5, 14], "texture": "#3"}
			}
		}
	],
	"groups": [0,
		{
			"name": "hoglin",
			"origin": [8, 8, 15.5],
			"children": [1, 2, 3, 4, 5, 6]
		}
	]
}