{
	"parent": "block/block",
	"ambientocclusion": "false",
	"render_type": "minecraft:cutout",
	"texture_size": [96, 48],
	"textures": {
		"0": "nethersdelight:block/inside_hoglin_block",
		"1": "nethersdelight:block/stuffed_hoglin_block",
		"2": "nethersdelight:block/stuffed_hoglin_tray",
		"particle": "nethersdelight:block/stuffed_hoglin_tray"
	},
	"elements": [
		{
			"from": [0, 0, 0],
			"to": [16, 2, 16],
			"faces": {
				"north": {"uv": [8, 15, 16, 16], "texture": "#2"},
				"east": {"uv": [15, 0, 16, 8], "rotation": 90, "texture": "#2"},
				"south": {"uv": [8, 15, 16, 16], "texture": "#2"},
				"west": {"uv": [15, 8, 16, 16], "rotation": 90, "texture": "#2"},
				"up": {"uv": [0, 0, 8, 8], "texture": "#2"},
				"down": {"uv": [8, 8, 16, 16], "texture": "#2"}
			}
		},
		{
			"name": "stomach",
			"from": [1, 3, 9],
			"to": [15, 3, 16],
			"rotation": {"angle": 0, "axis": "y", "origin": [8, 7.98986, 7.09462]},
			"faces": {
				"north": {"uv": [3.5, 0, 5.83333, 2.33333], "texture": "#0"},
				"east": {"uv": [8.33333, 2.33333, 9.33333, 4.66666], "texture": "#0"},
				"south": {"uv": [3.5, 2.33334, 5.83334, 4.66667], "texture": "#0"},
				"west": {"uv": [3.5, 2.33333, 2.5, 4.66666], "texture": "#0"},
				"up": {"uv": [7, 11.66667, 4.66667, 9.66667], "texture": "#0"},
				"down": {"uv": [7.83333, 10, 10.16667, 12], "texture": "#1"}
			}
		},
		{
			"name": "stomach",
			"from": [1, 7, 9],
			"to": [15, 7, 16],
			"rotation": {"angle": 0, "axis": "y", "origin": [8, 7.98986, 7.09462]},
			"faces": {
				"north": {"uv": [3.5, 0, 5.83333, 2.33333], "texture": "#0"},
				"east": {"uv": [8.33333, 2.33333, 9.33333, 4.66666], "texture": "#0"},
				"south": {"uv": [3.5, 2.33334, 5.83334, 4.66667], "texture": "#0"},
				"west": {"uv": [3.5, 2.33333, 2.5, 4.66666], "texture": "#0"},
				"up": {"uv": [7, 11.66667, 4.66667, 9.66667], "texture": "#0"},
				"down": {"uv": [7.83333, 10, 10.16667, 12], "texture": "#1"}
			}
		},
		{
			"name": "stomach",
			"from": [1, 3, 9],
			"to": [1, 10, 16],
			"rotation": {"angle": 0, "axis": "y", "origin": [8, 7.98986, 7.09462]},
			"faces": {
				"north": {"uv": [3.5, 0, 5.83333, 2.33333], "texture": "#0"},
				"east": {"uv": [2.5, 2.33333, 3.5, 4.66666], "texture": "#0"},
				"south": {"uv": [3.5, 2.33334, 5.83334, 4.66667], "texture": "#0"},
				"west": {"uv": [9.33333, 2.33333, 8.33333, 4.66666], "texture": "#0"},
				"up": {"uv": [9.33333, 11.66667, 7, 9.66667], "texture": "#0"},
				"down": {"uv": [2.33333, 9.66667, 4.66667, 11.66667], "texture": "#0"}
			}
		},
		{
			"name": "stomach",
			"from": [15, 3, 9],
			"to": [15, 10, 16],
			"rotation": {"angle": 0, "axis": "y", "origin": [8, 7.98986, 7.09462]},
			"faces": {
				"north": {"uv": [3.5, 0, 5.83333, 2.33333], "texture": "#0"},
				"east": {"uv": [8.33333, 2.33333, 9.33333, 4.66666], "texture": "#0"},
				"south": {"uv": [3.5, 2.33334, 5.83334, 4.66667], "texture": "#0"},
				"west": {"uv": [3.5, 2.33333, 2.5, 4.66666], "texture": "#0"},
				"up": {"uv": [9.33333, 11.66667, 7, 9.66667], "texture": "#0"},
				"down": {"uv": [2.33333, 9.66667, 4.66667, 11.66667], "texture": "#0"}
			}
		},
		{
			"name": "stomach",
			"from": [1, 10, 9],
			"to": [15, 10, 16],
			"rotation": {"angle": 0, "axis": "y", "origin": [8, 7.98986, 7.09462]},
			"faces": {
				"north": {"uv": [3.5, 0, 5.83333, 2.33333], "texture": "#0"},
				"east": {"uv": [2.5, 0, 3.5, 2.33333], "texture": "#0"},
				"south": {"uv": [3.5, 2.33334, 5.83334, 4.66667], "texture": "#0"},
				"west": {"uv": [3.5, 0, 2.5, 2.33333], "texture": "#0"},
				"up": {"uv": [9.33333, 11.66667, 7, 9.66667], "texture": "#0"},
				"down": {"uv": [2.33333, 9.66667, 4.66667, 11.66667], "texture": "#0"}
			}
		},
		{
			"name": "stomach",
			"from": [1, 3, 9],
			"to": [15, 10, 9],
			"rotation": {"angle": 0, "axis": "y", "origin": [8, 7.98986, 7.09462]},
			"faces": {
				"north": {"uv": [3.5, 0, 5.83333, 2.33333], "texture": "#0"},
				"east": {"uv": [2.5, 0, 3.5, 2.33333], "texture": "#0"},
				"south": {"uv": [3.5, 2.33334, 5.83334, 4.66667], "texture": "#0"},
				"west": {"uv": [3.5, 0, 2.5, 2.33333], "texture": "#0"},
				"up": {"uv": [9.33333, 8, 7, 6], "texture": "#0"},
				"down": {"uv": [2.33333, 9.33333, 4.66667, 11.33333], "texture": "#0"}
			}
		},
		{
			"name": "RFleg",
			"from": [11, 2, 1],
			"to": [16, 6.99, 12],
			"rotation": {"angle": 0, "axis": "y", "origin": [8, 7.98986, 7.09462]},
			"faces": {
				"north": {"uv": [2, 2.33334, 2.83333, 4], "texture": "#1"},
				"east": {"uv": [2.33334, 4.33333, 3.16667, 7.99999], "rotation": 90, "texture": "#1"},
				"south": {"uv": [2.83334, 2.33334, 3.66667, 4], "texture": "#1"},
				"west": {"uv": [2.33333, 8, 3.16667, 4.33334], "rotation": 90, "texture": "#1"},
				"up": {"uv": [4.66667, 4.33333, 5.5, 8], "texture": "#1"},
				"down": {"uv": [10.16667, 4.33333, 11, 8], "texture": "#1"}
			}
		},
		{
			"name": "01",
			"from": [8.53461, 8.69475, 11],
			"to": [8.53461, 14.69475, 20],
			"rotation": {"angle": 22.5, "axis": "z", "origin": [8, 7.98986, 7.09462]},
			"faces": {
				"north": {"uv": [0, 0, 0, 2], "texture": "#0"},
				"east": {"uv": [14.5, 8, 16, 10], "texture": "#0"},
				"south": {"uv": [0, 0, 0, 2], "texture": "#0"},
				"west": {"uv": [16, 8, 14.5, 10], "texture": "#0"},
				"up": {"uv": [0, 0, 0, 3], "texture": "#0"},
				"down": {"uv": [0, 0, 0, 3], "texture": "#0"}
			}
		},
		{
			"name": "02",
			"from": [7.46539, 8.69475, 11],
			"to": [7.46539, 14.69475, 20],
			"rotation": {"angle": -22.5, "axis": "z", "origin": [8, 7.98986, 7.09462]},
			"faces": {
				"north": {"uv": [0, 0, 0, 2], "texture": "#0"},
				"east": {"uv": [14.5, 8, 16, 10], "texture": "#0"},
				"south": {"uv": [0, 0, 0, 2], "texture": "#0"},
				"west": {"uv": [16, 8, 14.5, 10], "texture": "#0"},
				"up": {"uv": [0, 0, 0, 3], "texture": "#0"},
				"down": {"uv": [0, 0, 0, 3], "texture": "#0"}
			}
		},
		{
			"name": "05",
			"from": [4.72804, 10.66715, 12],
			"to": [4.72804, 17.66715, 16],
			"rotation": {"angle": 22.5, "axis": "z", "origin": [8, 7.98986, 7.09462]},
			"faces": {
				"north": {"uv": [0, 0, 0, 2.33333], "texture": "#0"},
				"east": {"uv": [13.16666, 0.33334, 13.83333, 2.66667], "texture": "#0"},
				"south": {"uv": [0, 0, 0, 2.33333], "texture": "#0"},
				"west": {"uv": [13.83333, 0.33334, 13.16666, 2.66667], "texture": "#0"},
				"up": {"uv": [0, 0, 0, 1], "texture": "#0"},
				"down": {"uv": [0, 0, 0, 1], "texture": "#0"}
			}
		},
		{
			"name": "fungus",
			"from": [2, 7, 10],
			"to": [14, 9, 16],
			"rotation": {"angle": 0, "axis": "y", "origin": [8, 7.98986, 7.09462]},
			"faces": {
				"north": {"uv": [14, 6.33334, 16, 7], "texture": "#0"},
				"east": {"uv": [15, 7, 16, 7.66667], "texture": "#0"},
				"south": {"uv": [14, 15.33334, 16, 16], "texture": "#0"},
				"west": {"uv": [15, 7, 16, 7.66667], "texture": "#0"},
				"up": {"uv": [14, 4.33333, 16, 6.33334], "texture": "#0"},
				"down": {"uv": [14, 4.33333, 16, 6.33334], "texture": "#0"}
			}
		}
	],
	"groups": [
		0,
		{
			"name": "body",
			"origin": [8, 8, 8],
			"color": 0,
			"children": [
				1,
				2,
				3,
				4,
				5,
				6,
				7,
				{
					"name": "rost",
					"origin": [8, 8, 8],
					"color": 0,
					"children": [8, 9, 10]
				},
				11
			]
		}
	]
}