{
	"parent": "block/block",
	"ambientocclusion": "false",
	"render_type": "minecraft:cutout",
	"texture_size": [96, 48],
	"textures": {
		"0": "nethersdelight:block/inside_hoglin_block",
		"1": "nethersdelight:block/stuffed_hoglin_block",
		"2": "nethersdelight:block/stuffed_hoglin_tray",
		"particle": "nethersdelight:block/stuffed_hoglin_tray"
	},
	"elements": [
		{
			"from": [0, 0, 0],
			"to": [16, 2, 16],
			"faces": {
				"north": {"uv": [8, 15, 16, 16], "texture": "#2"},
				"east": {"uv": [15, 0, 16, 8], "rotation": 90, "texture": "#2"},
				"south": {"uv": [8, 15, 16, 16], "texture": "#2"},
				"west": {"uv": [15, 8, 16, 16], "rotation": 90, "texture": "#2"},
				"up": {"uv": [0, 0, 8, 8], "texture": "#2"},
				"down": {"uv": [8, 8, 16, 16], "texture": "#2"}
			}
		},
		{
			"name": "stomach",
			"from": [1, 3, 9],
			"to": [15, 10, 16],
			"rotation": {"angle": 0, "axis": "y", "origin": [8, 7.98986, 7.09462]},
			"faces": {
				"north": {"uv": [0, 8.66667, 2.33333, 11], "texture": "#1"},
				"east": {"uv": [2.5, 0, 3.5, 2.33333], "texture": "#1"},
				"south": {"uv": [0, 13.66667, 2.33334, 16], "texture": "#1"},
				"west": {"uv": [3.5, 0, 2.5, 2.33333], "texture": "#1"},
				"up": {"uv": [7.83333, 12, 5.5, 10], "texture": "#1"},
				"down": {"uv": [7.83333, 10, 10.16667, 12], "texture": "#1"}
			}
		},
		{
			"name": "LFleg",
			"from": [0, 2, 1],
			"to": [5, 7, 12],
			"rotation": {"angle": 0, "axis": "y", "origin": [8, 7.98986, 7.09462]},
			"faces": {
				"north": {"uv": [2, 2.33334, 2.83333, 4], "texture": "#1"},
				"east": {"uv": [2.33334, 4.33333, 3.16667, 7.99999], "rotation": 90, "texture": "#1"},
				"south": {"uv": [2.83334, 2.33334, 3.66667, 4], "texture": "#1"},
				"west": {"uv": [2.33333, 8, 3.16667, 4.33334], "rotation": 90, "texture": "#1"},
				"up": {"uv": [4.66667, 4.33333, 5.5, 8], "texture": "#1"},
				"down": {"uv": [10.16667, 4.33333, 11, 8], "texture": "#1"}
			}
		},
		{
			"name": "RFleg",
			"from": [11, 2, 1],
			"to": [16, 7, 12],
			"rotation": {"angle": 0, "axis": "y", "origin": [8, 7.98986, 7.09462]},
			"faces": {
				"north": {"uv": [2, 2.33334, 2.83333, 4], "texture": "#1"},
				"east": {"uv": [2.33334, 4.33333, 3.16667, 7.99999], "rotation": 90, "texture": "#1"},
				"south": {"uv": [2.83334, 2.33334, 3.66667, 4], "texture": "#1"},
				"west": {"uv": [2.33333, 8, 3.16667, 4.33334], "rotation": 90, "texture": "#1"},
				"up": {"uv": [4.66667, 4.33333, 5.5, 8], "texture": "#1"},
				"down": {"uv": [10.16667, 4.33333, 11, 8], "texture": "#1"}
			}
		},
		{
			"name": "skull",
			"from": [2, 6.70128, -2.2543],
			"to": [14, 11.70128, 12.7457],
			"rotation": {"angle": -22.5, "axis": "x", "origin": [8, 7.98986, 7.09462]},
			"faces": {
				"north": {"uv": [0, 11, 2, 12.66667], "texture": "#1"},
				"east": {"uv": [4.5, 0.66667, 3.66667, 5.66667], "rotation": 270, "texture": "#1"},
				"south": {"uv": [0, 4.66667, 2, 6.33334], "texture": "#1"},
				"west": {"uv": [4.5, 5.66667, 3.66667, 10.66667], "rotation": 90, "texture": "#1"},
				"up": {"uv": [5.66667, 0, 7.66667, 5], "texture": "#1"},
				"down": {"uv": [8, 0, 10, 5], "texture": "#1"}
			}
		},
		{
			"name": "Rears",
			"from": [14.84849, 4.24536, 6],
			"to": [15.84849, 9.24536, 10],
			"rotation": {"angle": 22.5, "axis": "z", "origin": [8, 7.98986, 7.09462]},
			"faces": {
				"north": {"uv": [2, 11, 2.16667, 12.66667], "texture": "#1"},
				"east": {"uv": [4.83334, 1.66666, 5.66667, 2.99998], "rotation": 90, "texture": "#1"},
				"south": {"uv": [2.16666, 11, 2.33333, 12.66667], "texture": "#1"},
				"west": {"uv": [10, 3, 10.83334, 4.33334], "rotation": 90, "texture": "#1"},
				"up": {"uv": [4.16666, 0.33334, 4.83333, 0.66668], "rotation": 90, "texture": "#1"},
				"down": {"uv": [4.16667, 0, 4.83334, 0.33332], "rotation": 90, "texture": "#1"}
			}
		},
		{
			"name": "Lears",
			"from": [0.15151, 4.24536, 6],
			"to": [1.15151, 9.24536, 10],
			"rotation": {"angle": -22.5, "axis": "z", "origin": [8, 7.98986, 7.09462]},
			"faces": {
				"north": {"uv": [2.16666, 11, 2.33333, 12.66666], "texture": "#1"},
				"east": {"uv": [10.83333, 1.66667, 10, 2.99999], "rotation": 90, "texture": "#1"},
				"south": {"uv": [2, 11, 2.16667, 12.66666], "texture": "#1"},
				"west": {"uv": [5.66666, 3, 4.83333, 4.33334], "rotation": 90, "texture": "#1"},
				"up": {"uv": [3.5, 0, 4.16667, 0.33332], "rotation": 90, "texture": "#1"},
				"down": {"uv": [3.5, 0.33333, 4.16667, 0.66667], "rotation": 90, "texture": "#1"}
			}
		},
		{
			"name": "redfungus",
			"from": [5, 5.09063, -3.37576],
			"to": [9, 9.09063, -1.37576],
			"rotation": {"angle": -22.5, "axis": "x", "origin": [8, 7.98986, 7.09462]},
			"faces": {
				"north": {"uv": [12, 8, 12.66667, 9.33333], "texture": "#0"},
				"east": {"uv": [12.66667, 8, 13, 9.33333], "texture": "#0"},
				"south": {"uv": [12, 8, 12.66667, 9.33333], "texture": "#0"},
				"west": {"uv": [12.66667, 8, 13, 9.33333], "texture": "#0"},
				"up": {"uv": [12, 9.33333, 12.66667, 10], "texture": "#0"},
				"down": {"uv": [12, 9.33333, 12.66667, 10], "texture": "#0"}
			}
		},
		{
			"name": "01",
			"from": [8.53461, 8.69475, 11],
			"to": [8.53461, 14.69475, 20],
			"rotation": {"angle": 22.5, "axis": "z", "origin": [8, 7.98986, 7.09462]},
			"faces": {
				"north": {"uv": [0, 0, 0, 2], "texture": "#0"},
				"east": {"uv": [14.5, 8, 16, 10], "texture": "#0"},
				"south": {"uv": [0, 0, 0, 2], "texture": "#0"},
				"west": {"uv": [16, 8, 14.5, 10], "texture": "#0"},
				"up": {"uv": [0, 0, 0, 3], "texture": "#0"},
				"down": {"uv": [0, 0, 0, 3], "texture": "#0"}
			}
		},
		{
			"name": "02",
			"from": [7.46539, 8.69475, 11],
			"to": [7.46539, 14.69475, 20],
			"rotation": {"angle": -22.5, "axis": "z", "origin": [8, 7.98986, 7.09462]},
			"faces": {
				"north": {"uv": [0, 0, 0, 2], "texture": "#0"},
				"east": {"uv": [14.5, 8, 16, 10], "texture": "#0"},
				"south": {"uv": [0, 0, 0, 2], "texture": "#0"},
				"west": {"uv": [16, 8, 14.5, 10], "texture": "#0"},
				"up": {"uv": [0, 0, 0, 3], "texture": "#0"},
				"down": {"uv": [0, 0, 0, 3], "texture": "#0"}
			}
		},
		{
			"name": "05",
			"from": [4.72804, 10.66715, 12],
			"to": [4.72804, 17.66715, 16],
			"rotation": {"angle": 22.5, "axis": "z", "origin": [8, 7.98986, 7.09462]},
			"faces": {
				"north": {"uv": [0, 0, 0, 2.33333], "texture": "#0"},
				"east": {"uv": [13.16666, 0.33334, 13.83333, 2.66667], "texture": "#0"},
				"south": {"uv": [0, 0, 0, 2.33333], "texture": "#0"},
				"west": {"uv": [13.83333, 0.33334, 13.16666, 2.66667], "texture": "#0"},
				"up": {"uv": [0, 0, 0, 1], "texture": "#0"},
				"down": {"uv": [0, 0, 0, 1], "texture": "#0"}
			}
		},
		{
			"name": "fungus",
			"from": [2, 7, 10],
			"to": [14, 9, 16],
			"rotation": {"angle": 0, "axis": "y", "origin": [8, 7.98986, 7.09462]},
			"faces": {
				"north": {"uv": [14, 6.33334, 16, 7], "texture": "#0"},
				"east": {"uv": [15, 7, 16, 7.66667], "texture": "#0"},
				"south": {"uv": [14, 15.33334, 16, 16], "texture": "#0"},
				"west": {"uv": [15, 7, 16, 7.66667], "texture": "#0"},
				"up": {"uv": [14, 4.33333, 16, 6.33334], "texture": "#0"},
				"down": {"uv": [14, 4.33333, 16, 6.33334], "texture": "#0"}
			}
		}
	],
	"groups": [
		0,
		{
			"name": "body",
			"origin": [8, 8, 8],
			"color": 0,
			"children": [
				1,
				2,
				3,
				{
					"name": "head",
					"origin": [8, 8, 8],
					"color": 0,
					"children": [4, 5, 6, 7]
				},
				{
					"name": "rost",
					"origin": [8, 8, 8],
					"color": 0,
					"children": [8, 9, 10]
				},
				11
			]
		}
	]
}