{
	"parent": "block/block",
	"ambientocclusion": "false",
	"render_type": "minecraft:cutout",
	"texture_size": [96, 48],
	"textures": {
		"2": "nethersdelight:block/stuffed_hoglin_tray",
		"particle": "nethersdelight:block/stuffed_hoglin_tray"
	},
	"elements": [
		{
			"from": [0, 0, 0],
			"to": [16, 2, 16],
			"faces": {
				"north": {"uv": [8, 15, 16, 16], "texture": "#2"},
				"east": {"uv": [15, 0, 16, 8], "rotation": 90, "texture": "#2"},
				"south": {"uv": [8, 15, 16, 16], "texture": "#2"},
				"west": {"uv": [15, 8, 16, 16], "rotation": 90, "texture": "#2"},
				"up": {"uv": [0, 0, 8, 8], "texture": "#2"},
				"down": {"uv": [8, 8, 16, 16], "texture": "#2"}
			}
		}
	]
}