{
	"credit": "Made by Vexxel#9727 with Blockbench || https://github.com/Vexxel || © Vexxel. All rights reserved.",
	"textures": {
		"1": "tfc:block/fruit_tree/lemon_leaves",
		"2": "tfc:block/fruit_tree/fruit/lemon",
		"particle": "tfc:block/fruit_tree/lemon_fruiting_leaves"
	},
	"elements": [
		{
			"name": "leaves",
			"from": [0, 0, 0],
			"to": [16, 16, 16],
			"faces": {
				"north": {"uv": [0, 0, 16, 16], "texture": "#1", "cullface": "north"},
				"east": {"uv": [0, 0, 16, 16], "texture": "#1", "cullface": "east"},
				"south": {"uv": [0, 0, 16, 16], "texture": "#1", "cullface": "south"},
				"west": {"uv": [0, 0, 16, 16], "texture": "#1", "cullface": "west"},
				"up": {"uv": [0, 0, 16, 16], "texture": "#1", "cullface": "up"},
				"down": {"uv": [0, 0, 16, 16], "texture": "#1", "cullface": "down"}
			}
		},
		{
			"name": "fruit",
			"from": [10, 5, 2],
			"to": [14, 10, 6],
			"faces": {
				"north": {"uv": [0, 4, 4, 9], "texture": "#2"},
				"east": {"uv": [0, 4, 4, 9], "texture": "#2"},
				"south": {"uv": [0, 4, 4, 9], "texture": "#2"},
				"west": {"uv": [0, 4, 4, 9], "texture": "#2"},
				"up": {"uv": [0, 0, 4, 4], "texture": "#2"},
				"down": {"uv": [0, 0, 4, 4], "texture": "#2"}
			}
		},
		{
			"name": "fruit",
			"from": [5, 9, 10],
			"to": [9, 14, 14],
			"faces": {
				"north": {"uv": [0, 4, 4, 9], "texture": "#2"},
				"east": {"uv": [0, 4, 4, 9], "texture": "#2"},
				"south": {"uv": [0, 4, 4, 9], "texture": "#2"},
				"west": {"uv": [0, 4, 4, 9], "texture": "#2"},
				"up": {"uv": [0, 0, 4, 4], "texture": "#2"},
				"down": {"uv": [0, 0, 4, 4], "texture": "#2"}
			}
		},
		{
			"name": "fruit",
			"from": [1, -2, 4],
			"to": [5, 3, 8],
			"faces": {
				"north": {"uv": [0, 4, 4, 9], "texture": "#2"},
				"east": {"uv": [0, 4, 4, 9], "texture": "#2"},
				"south": {"uv": [0, 4, 4, 9], "texture": "#2"},
				"west": {"uv": [0, 4, 4, 9], "texture": "#2"},
				"up": {"uv": [0, 0, 4, 4], "texture": "#2"},
				"down": {"uv": [0, 0, 4, 4], "texture": "#2"}
			}
		}
	]
}