{
	"credit": "Made by Vexxel#9727 with Blockbench || https://github.com/Vexxel || 2022",
	"textures": {
		"particle": "tfc:block/plant/moss/moss_block",
		"layer0": "tfc:block/plant/moss/moss_block"
	},
	"elements": [
		{
			"from": [0, 0, 0],
			"to": [16, 1, 16],
			"faces": {
				"north": {"uv": [0, 15, 16, 16], "texture": "#layer0", "cullface": "north"},
				"east": {"uv": [0, 15, 16, 16], "texture": "#layer0", "cullface": "east"},
				"south": {"uv": [0, 15, 16, 16], "texture": "#layer0", "cullface": "south"},
				"west": {"uv": [0, 15, 16, 16], "texture": "#layer0", "cullface": "west"},
				"up": {"uv": [0, 0, 16, 16], "texture": "#layer0"},
				"down": {"uv": [0, 16, 16, 0], "texture": "#layer0", "cullface": "down"}
			}
		}
	]
}