{
	"credit": "Made by Vexxel#9727 with Blockbench || https://github.com/Vexxel || © Vexxel. All rights reserved.",
	"ambientocclusion": false,
	"textures": {
		"1": "tfc:block/plant/sargassum/sargassum_hanging",
		"particle": "tfc:block/plant/sargassum/sargassum",
		"pad": "tfc:block/plant/sargassum/sargassum"
	},
	"elements": [
		{
			"from": [0, 0.25, 0],
			"to": [16, 0.25, 16],
			"faces": {
				"up": {"uv": [16, 0, 0, 16], "texture": "#pad"},
				"down": {"uv": [16, 16, 0, 0], "texture": "#pad"}
			}
		},
		{
			"from": [0, -11, 3],
			"to": [16, 0, 3],
			"rotation": {"angle": 0, "axis": "y", "origin": [8, 0, 8]},
			"faces": {
				"north": {"uv": [0, 0, 16, 11], "texture": "#1"},
				"south": {"uv": [0, 0, 16, 11], "texture": "#1"}
			}
		},
		{
			"from": [3, -11, 0],
			"to": [3, 0, 16],
			"faces": {
				"east": {"uv": [0, 0, 16, 11], "texture": "#1"},
				"west": {"uv": [0, 0, 16, 11], "texture": "#1"}
			}
		},
		{
			"from": [0, -11, 13],
			"to": [16, 0, 13],
			"rotation": {"angle": 0, "axis": "y", "origin": [8, 0, 8]},
			"faces": {
				"north": {"uv": [0, 0, 16, 11], "texture": "#1"},
				"south": {"uv": [0, 0, 16, 11], "texture": "#1"}
			}
		},
		{
			"from": [13, -11, 0],
			"to": [13, 0, 16],
			"faces": {
				"east": {"uv": [0, 0, 16, 11], "texture": "#1"},
				"west": {"uv": [0, 0, 16, 11], "texture": "#1"}
			}
		}
	]
}