{
	"credit": "Made with Blockbench",
	"texture_size": [32, 32],
	"textures": {
		"2": "irons_spellbooks:item/3d/3d_evoker_spell_book",
		"particle": "irons_spellbooks:item/3d/3d_evoker_spell_book"
	},
	"elements": [
		{
			"name": "book cover",
			"from": [10, 0, 5],
			"to": [10.2, 10, 11],
			"faces": {
				"north": {"uv": [6.5, 0, 6.75, 5], "texture": "#2"},
				"east": {"uv": [3, 0, 0, 5], "texture": "#2"},
				"south": {"uv": [6.25, 0, 6.5, 5], "texture": "#2"},
				"west": {"uv": [3, 0, 6, 5], "texture": "#2"},
				"up": {"uv": [7.25, 3, 7, 0], "texture": "#2"},
				"down": {"uv": [7, 0, 6.75, 3], "texture": "#2"}
			}
		},
		{
			"name": "book cover",
			"from": [8, 0, 5],
			"to": [8.2, 10, 11],
			"faces": {
				"north": {"uv": [6, 0, 6.25, 5], "texture": "#2"},
				"east": {"uv": [3, 0, 6, 5], "texture": "#2"},
				"south": {"uv": [8.75, 0, 9, 5], "texture": "#2"},
				"west": {"uv": [0, 0, 3, 5], "texture": "#2"},
				"up": {"uv": [10.5, 3, 10.25, 0], "texture": "#2"},
				"down": {"uv": [10.25, 0, 10, 3], "texture": "#2"}
			}
		},
		{
			"name": "mid",
			"from": [8.2, 0, 5],
			"to": [10, 10, 5.3],
			"faces": {
				"north": {"uv": [9, 0, 10, 5], "texture": "#2"},
				"east": {"uv": [7.5, 0, 7.75, 5], "texture": "#2"},
				"south": {"uv": [9, 0, 10, 5], "texture": "#2"},
				"west": {"uv": [7.25, 0, 7.5, 5], "texture": "#2"},
				"up": {"uv": [3.75, 5.25, 2.75, 5], "texture": "#2"},
				"down": {"uv": [3.75, 5.25, 2.75, 5.5], "texture": "#2"}
			}
		},
		{
			"name": "paper",
			"from": [8.2, 0.2, 5.3],
			"to": [10, 9.8, 10.8],
			"faces": {
				"north": {"uv": [0, 9.75, 1, 14.5], "texture": "#2"},
				"east": {"uv": [0, 5, 2.75, 9.75], "texture": "#2"},
				"south": {"uv": [0, 9.75, 1, 14.5], "texture": "#2"},
				"west": {"uv": [0, 5, 2.75, 9.75], "texture": "#2"},
				"up": {"uv": [2, 12.5, 1, 9.75], "texture": "#2"},
				"down": {"uv": [2, 9.75, 1, 12.5], "texture": "#2"}
			}
		},
		{
			"name": "lock",
			"from": [7.9, -4, 9],
			"to": [10.4, -4, 10],
			"rotation": {"angle": -22.5, "axis": "x", "origin": [0, 0, 0]},
			"faces": {
				"north": {"uv": [0, 0, 1.25, 0], "texture": "#2"},
				"east": {"uv": [0, 0, 0.5, 0], "texture": "#2"},
				"south": {"uv": [0, 0, 1.25, 0], "texture": "#2"},
				"west": {"uv": [0, 0, 0.5, 0], "texture": "#2"},
				"up": {"uv": [16, 15.25, 14.75, 16], "texture": "#2"},
				"down": {"uv": [16, 15.25, 14.75, 16], "texture": "#2"}
			}
		},
		{
			"name": "lock",
			"from": [7.9, 7, 9],
			"to": [10.4, 7, 10],
			"rotation": {"angle": -22.5, "axis": "x", "origin": [0, 0, 0]},
			"faces": {
				"north": {"uv": [0, 0, 1.25, 0], "texture": "#2"},
				"east": {"uv": [0, 0, 0.5, 0], "texture": "#2"},
				"south": {"uv": [0, 0, 1.25, 0], "texture": "#2"},
				"west": {"uv": [0, 0, 0.5, 0], "texture": "#2"},
				"up": {"uv": [16, 15.25, 14.75, 16], "texture": "#2"},
				"down": {"uv": [16, 15.25, 14.75, 16], "texture": "#2"}
			}
		},
		{
			"name": "lock",
			"from": [10.4, -4, 9],
			"to": [10.4, 7, 10],
			"rotation": {"angle": -22.5, "axis": "x", "origin": [0, 0, 0]},
			"faces": {
				"north": {"uv": [0, 0, 0, 5.5], "texture": "#2"},
				"east": {"uv": [16, 9.75, 15.25, 15.25], "texture": "#2"},
				"south": {"uv": [0, 0, 0, 5.5], "texture": "#2"},
				"west": {"uv": [15.25, 9.75, 16, 15.25], "texture": "#2"},
				"up": {"uv": [0, 0.5, 0, 0], "texture": "#2"},
				"down": {"uv": [0, 0, 0, 0.5], "texture": "#2"}
			}
		},
		{
			"name": "lock",
			"from": [7.9, -4, 9],
			"to": [7.9, 7, 10],
			"rotation": {"angle": -22.5, "axis": "x", "origin": [-3, 0, 0]},
			"faces": {
				"north": {"uv": [0, 0, 0, 5.5], "texture": "#2"},
				"east": {"uv": [16, 9.75, 15.25, 15.25], "texture": "#2"},
				"south": {"uv": [0, 0, 0, 5.5], "texture": "#2"},
				"west": {"uv": [15.25, 9.75, 16, 15.25], "texture": "#2"},
				"up": {"uv": [0, 0.5, 0, 0], "texture": "#2"},
				"down": {"uv": [0, 0, 0, 0.5], "texture": "#2"}
			}
		},
		{
			"name": "lock",
			"from": [10.4, 2, 5],
			"to": [10.4, 13, 6],
			"rotation": {"angle": 22.5, "axis": "x", "origin": [0, 0, 0]},
			"faces": {
				"north": {"uv": [0, 0, 0, 5.5], "texture": "#2"},
				"east": {"uv": [16, 0, 15.25, 5.5], "texture": "#2"},
				"south": {"uv": [0, 0, 0, 5.5], "texture": "#2"},
				"west": {"uv": [15.25, 0, 16, 5.5], "texture": "#2"},
				"up": {"uv": [0, 0.5, 0, 0], "texture": "#2"},
				"down": {"uv": [0, 0, 0, 0.5], "texture": "#2"}
			}
		},
		{
			"name": "lock",
			"from": [7.9, 13, 5],
			"to": [10.4, 13, 6],
			"rotation": {"angle": 22.5, "axis": "x", "origin": [0, 0, 0]},
			"faces": {
				"north": {"uv": [0, 0, 1.25, 0], "texture": "#2"},
				"east": {"uv": [0, 0, 0.5, 0], "texture": "#2"},
				"south": {"uv": [0, 0, 1.25, 0], "texture": "#2"},
				"west": {"uv": [0, 0, 0.5, 0], "texture": "#2"},
				"up": {"uv": [16, 6.25, 14.75, 5.5], "texture": "#2"},
				"down": {"uv": [16, 6.25, 14.75, 5.5], "texture": "#2"}
			}
		},
		{
			"name": "lock",
			"from": [7.9, 2, 5],
			"to": [10.4, 2, 6],
			"rotation": {"angle": 22.5, "axis": "x", "origin": [0, 0, 0]},
			"faces": {
				"north": {"uv": [0, 0, 1.25, 0], "texture": "#2"},
				"east": {"uv": [0, 0, 0.5, 0], "texture": "#2"},
				"south": {"uv": [0, 0, 1.25, 0], "texture": "#2"},
				"west": {"uv": [0, 0, 0.5, 0], "texture": "#2"},
				"up": {"uv": [16, 6.25, 14.75, 5.5], "texture": "#2"},
				"down": {"uv": [16, 6.25, 14.75, 5.5], "texture": "#2"}
			}
		},
		{
			"name": "lock",
			"from": [7.9, 2, 5],
			"to": [7.9, 13, 6],
			"rotation": {"angle": 22.5, "axis": "x", "origin": [-3, 0, 0]},
			"faces": {
				"north": {"uv": [0, 0, 0, 5.5], "texture": "#2"},
				"east": {"uv": [16, 0, 15.25, 5.5], "texture": "#2"},
				"south": {"uv": [0, 0, 0, 5.5], "texture": "#2"},
				"west": {"uv": [15.25, 0, 16, 5.5], "texture": "#2"},
				"up": {"uv": [0, 0.75, 0, 0], "texture": "#2"},
				"down": {"uv": [0, 0, 0, 0.5], "texture": "#2"}
			}
		},
		{
			"name": "lock",
			"from": [10.4, 5, 5],
			"to": [10.4, 6, 11],
			"faces": {
				"north": {"uv": [0, 0, 0, 0.5], "texture": "#2"},
				"east": {"uv": [11, 16, 14.25, 15.25], "texture": "#2"},
				"south": {"uv": [0, 0, 0, 0.5], "texture": "#2"},
				"west": {"uv": [11, 15.25, 14.25, 16], "texture": "#2"},
				"up": {"uv": [0, 3, 0, 0], "texture": "#2"},
				"down": {"uv": [0, 0, 0, 3], "texture": "#2"}
			}
		},
		{
			"name": "lock",
			"from": [7.9, 5, 5],
			"to": [7.9, 6, 11],
			"faces": {
				"north": {"uv": [0, 0, 0, 0.5], "texture": "#2"},
				"east": {"uv": [11, 16, 14.25, 15.25], "texture": "#2"},
				"south": {"uv": [0, 0, 0, 0.5], "texture": "#2"},
				"west": {"uv": [11, 15.25, 14.25, 16], "texture": "#2"},
				"up": {"uv": [0, 3, 0, 0], "texture": "#2"},
				"down": {"uv": [0, 0, 0, 3], "texture": "#2"}
			}
		},
		{
			"name": "lock",
			"from": [8, 5, 11],
			"to": [10.5, 6, 11],
			"faces": {
				"north": {"uv": [9.75, 15.25, 11, 16], "texture": "#2"},
				"east": {"uv": [0, 0, 0, 0.5], "texture": "#2"},
				"south": {"uv": [9.75, 15.25, 11, 16], "texture": "#2"},
				"west": {"uv": [0, 0, 0, 0.5], "texture": "#2"},
				"up": {"uv": [1.25, 0, 0, 0], "texture": "#2"},
				"down": {"uv": [1.25, 0, 0, 0], "texture": "#2"}
			}
		},
		{
			"name": "lock",
			"from": [8, 5, 4.9],
			"to": [10.5, 6, 4.9],
			"faces": {
				"north": {"uv": [11, 15.25, 9.75, 16], "texture": "#2"},
				"east": {"uv": [0, 0, 0, 0.5], "texture": "#2"},
				"south": {"uv": [9.75, 15.25, 11, 16], "texture": "#2"},
				"west": {"uv": [0, 0, 0, 0.5], "texture": "#2"},
				"up": {"uv": [1.25, 0, 0, 0], "texture": "#2"},
				"down": {"uv": [1.25, 0, 0, 0], "texture": "#2"}
			}
		}
	],
	"display": {
		"thirdperson_righthand": {
			"rotation": [0, -180, 0],
			"translation": [1.25, 1.25, -0.75]
		},
		"thirdperson_lefthand": {
			"rotation": [0, 180, 0],
			"translation": [-1.25, 1.25, -0.75]
		},
		"firstperson_righthand": {
			"rotation": [0, 40, 0],
			"translation": [0, 5, 0]
		},
		"firstperson_lefthand": {
			"rotation": [0, 40, 0],
			"translation": [0, 5, 0]
		},
		"ground": {
			"rotation": [85, -50, 85],
			"translation": [0, 4, 0]
		},
		"gui": {
			"rotation": [90, -130, 90],
			"translation": [2.5, 3, 0],
			"scale": [1.2, 1.2, 1.2]
		},
		"head": {
			"rotation": [90, 90, 90],
			"translation": [0.25, 8.5, -1.5]
		},
		"fixed": {
			"rotation": [85, -50, 85],
			"translation": [-3.25, 3.5, -1.5],
			"scale": [1.5, 1.5, 1.5]
		}
	},
	"groups": [
		0,
		1,
		2,
		3,
		{
			"name": "lock",
			"origin": [0, 0, 0],
			"color": 0,
			"children": [
				{
					"name": "chain1",
					"origin": [-3, 0, 0],
					"color": 0,
					"children": [4, 5, 6, 7]
				},
				{
					"name": "chain2",
					"origin": [-3, 0, 0],
					"color": 0,
					"children": [8, 9, 10, 11]
				},
				{
					"name": "chain3",
					"origin": [0, 0, 0],
					"color": 0,
					"children": [12, 13, 14, 15]
				}
			]
		}
	]
}