{
	"credit": "Made with Blockbench",
	"texture_size": [32, 32],
	"textures": {
		"1": "irons_spellbooks:item/3d/3d_villager_spell_book"
	},
	"elements": [
		{
			"name": "book cover",
			"from": [10, 0, 5],
			"to": [10.2, 10, 11],
			"faces": {
				"north": {"uv": [4, 10, 4.25, 15], "texture": "#1"},
				"east": {"uv": [0, 0, 3, 5], "texture": "#1"},
				"south": {"uv": [4.5, 10, 4.75, 15], "texture": "#1"},
				"west": {"uv": [6, 5, 3, 10], "texture": "#1"},
				"up": {"uv": [6.75, 13, 6.5, 10], "texture": "#1"},
				"down": {"uv": [7.25, 10, 7, 13], "texture": "#1"}
			}
		},
		{
			"name": "book cover",
			"from": [8, 0, 5],
			"to": [8.2, 10, 11],
			"faces": {
				"north": {"uv": [3, 10, 3.25, 15], "texture": "#1"},
				"east": {"uv": [3, 5, 6, 10], "texture": "#1"},
				"south": {"uv": [3.5, 10, 3.75, 15], "texture": "#1"},
				"west": {"uv": [3, 0, 6, 5], "texture": "#1"},
				"up": {"uv": [5.75, 13, 5.5, 10], "texture": "#1"},
				"down": {"uv": [6.25, 10, 6, 13], "texture": "#1"}
			}
		},
		{
			"name": "mid",
			"from": [8.2, 0, 5],
			"to": [10, 10, 5.3],
			"faces": {
				"north": {"uv": [6.25, 0.25, 7.25, 5.25], "texture": "#1"},
				"east": {"uv": [7.25, 0.25, 7.5, 5.25], "texture": "#1"},
				"south": {"uv": [6.25, 0.25, 7.25, 5.25], "texture": "#1"},
				"west": {"uv": [6, 0.25, 6.25, 5.25], "texture": "#1"},
				"up": {"uv": [7.25, 0.25, 6.25, 0], "texture": "#1"},
				"down": {"uv": [7.25, 5.25, 6.25, 5.5], "texture": "#1"}
			}
		},
		{
			"name": "paper",
			"from": [8.2, 0.2, 5.3],
			"to": [10, 9.8, 10.8],
			"faces": {
				"north": {"uv": [0, 10, 1, 14.75], "texture": "#1"},
				"east": {"uv": [0, 5.25, 2.75, 10], "texture": "#1"},
				"south": {"uv": [0, 10, 1, 14.75], "texture": "#1"},
				"west": {"uv": [0, 5.25, 2.75, 10], "texture": "#1"},
				"up": {"uv": [2, 12.75, 1, 10], "texture": "#1"},
				"down": {"uv": [2, 10, 1, 12.75], "texture": "#1"}
			}
		},
		{
			"from": [7.8, 5.5, 6],
			"to": [8, 6.5, 10],
			"faces": {
				"north": {"uv": [3.5, 1.75, 3.6, 2.25], "texture": "#1"},
				"east": {"uv": [3.5, 1.75, 5.5, 2.25], "texture": "#1"},
				"south": {"uv": [5.25, 1.75, 5.35, 2.25], "texture": "#1"},
				"west": {"uv": [3.5, 1.75, 5.5, 2.25], "texture": "#1"},
				"up": {"uv": [11.25, 0, 11.35, 2], "texture": "#1"},
				"down": {"uv": [11, 0, 11.1, 2], "texture": "#1"}
			}
		},
		{
			"from": [7.8, 2, 7.5],
			"to": [8, 5.5, 8.5],
			"faces": {
				"north": {"uv": [4.25, 2.25, 4.35, 4], "texture": "#1"},
				"east": {"uv": [4.25, 2.25, 4.75, 4], "texture": "#1"},
				"south": {"uv": [4.5, 2.25, 4.6, 4], "texture": "#1"},
				"west": {"uv": [4.25, 2.25, 4.75, 4], "texture": "#1"},
				"up": {"uv": [4.5, 3.5, 4.6, 4], "texture": "#1"},
				"down": {"uv": [4.5, 3.5, 4.6, 4], "texture": "#1"}
			}
		},
		{
			"from": [7.8, 6.5, 7.5],
			"to": [8, 8, 8.5],
			"faces": {
				"north": {"uv": [4.25, 1, 4.35, 1.75], "texture": "#1"},
				"east": {"uv": [4.25, 1, 4.75, 1.75], "texture": "#1"},
				"south": {"uv": [4.5, 1, 4.6, 1.75], "texture": "#1"},
				"west": {"uv": [4.25, 1, 4.75, 1.75], "texture": "#1"},
				"up": {"uv": [4.25, 1, 4.35, 1.5], "texture": "#1"},
				"down": {"uv": [4.25, 1, 4.35, 1.5], "texture": "#1"}
			}
		}
	],
	"display": {
		"thirdperson_righthand": {
			"rotation": [0, -180, 0],
			"translation": [1.25, 1.25, -0.75]
		},
		"thirdperson_lefthand": {
			"rotation": [0, 180, 0],
			"translation": [-1.25, 1.25, -0.75]
		},
		"firstperson_righthand": {
			"rotation": [0, 40, 0],
			"translation": [0, 5, 0]
		},
		"firstperson_lefthand": {
			"rotation": [0, 40, 0],
			"translation": [0, 5, 0]
		},
		"ground": {
			"rotation": [85, -50, 85],
			"translation": [0, 4, 0]
		},
		"gui": {
			"rotation": [-90, 130, 90],
			"translation": [2.5, 3, 0],
			"scale": [1.2, 1.2, 1.2]
		},
		"head": {
			"rotation": [90, 90, 90],
			"translation": [0.25, 8.5, -1.5]
		},
		"fixed": {
			"rotation": [85, -50, 85],
			"translation": [-3.25, 3.5, -1.5],
			"scale": [1.5, 1.5, 1.5]
		}
	},
	"groups": [
		0,
		1,
		2,
		3,
		{
			"name": "group",
			"origin": [0, 0, 0],
			"color": 0,
			"children": [4, 5, 6]
		}
	]
}