{
	"credit": "Made with Blockbench",
	"parent": "block/tinted_cross",
	"textures": {
		"1": "block/very_tall_grass",
		"particle": "block/very_tall_grass"
	},
	"elements": [
		{
			"name": "grass",
			"from": [14.03701, -1, -1.69971],
			"to": [14.03701, 12, 14.30029],
			"shade": false,
			"rotation": {"angle": 22.5, "axis": "y", "origin": [11.53701, 8, 7.30029]},
			"faces": {
				"north": {"uv": [0, 0, 0, 0], "texture": "#1", "tintindex": 0},
				"east": {"uv": [8, 8, 16, 16], "texture": "#1", "tintindex": 0},
				"south": {"uv": [0, 7, 0, 0], "texture": "#1", "tintindex": 0},
				"west": {"uv": [8, 8, 16, 16], "texture": "#1", "tintindex": 0}
			}
		},
		{
			"name": "grass1",
			"from": [-1.41274, 0, 0.93633],
			"to": [14.58726, 15, 0.93633],
			"shade": false,
			"rotation": {"angle": 45, "axis": "y", "origin": [6.58726, 7.5, 0.93633]},
			"faces": {
				"north": {"uv": [8, 8, 16, 16], "texture": "#1", "tintindex": 0},
				"south": {"uv": [8, 8, 16, 16], "texture": "#1", "tintindex": 0},
				"west": {"uv": [0, 0, 0, 0], "texture": "#1", "tintindex": 0}
			}
		},
		{
			"name": "grass2",
			"from": [-5.46299, -4, 10.30029],
			"to": [10.53701, 12, 10.30029],
			"shade": false,
			"rotation": {"angle": 0, "axis": "y", "origin": [2.53701, 6, 10.30029]},
			"faces": {
				"north": {"uv": [8, 8, 16, 16], "texture": "#1", "tintindex": 0},
				"south": {"uv": [8, 8, 16, 16], "texture": "#1", "tintindex": 0},
				"west": {"uv": [0, 0, 0, 0], "texture": "#1", "tintindex": 0}
			}
		},
		{
			"name": "grass3",
			"from": [2.53701, 0, 15.30029],
			"to": [18.53701, 15, 15.30029],
			"shade": false,
			"rotation": {"angle": 22.5, "axis": "y", "origin": [9.53701, 8, 14.30029]},
			"faces": {
				"north": {"uv": [8, 8, 16, 16], "texture": "#1", "tintindex": 0},
				"south": {"uv": [8, 8, 16, 16], "texture": "#1", "tintindex": 0},
				"west": {"uv": [0, 0, 0, 0], "texture": "#1", "tintindex": 0}
			}
		},
		{
			"name": "grass3",
			"from": [2.53701, -1, 2.30029],
			"to": [2.53701, 14, 18.30029],
			"shade": false,
			"rotation": {"angle": 22.5, "axis": "y", "origin": [2.53701, 6, 10.30029]},
			"faces": {
				"north": {"uv": [0, 0, 0, 0], "texture": "#1", "tintindex": 0},
				"east": {"uv": [8, 8, 16, 16], "texture": "#1", "tintindex": 0},
				"south": {"uv": [0, 7, 0, 0], "texture": "#1", "tintindex": 0},
				"west": {"uv": [8, 8, 16, 16], "texture": "#1", "tintindex": 0}
			}
		},
		{
			"name": "grass4",
			"from": [-0.46299, -3, 14.30029],
			"to": [15.53701, 13, 14.30029],
			"shade": false,
			"rotation": {"angle": 45, "axis": "y", "origin": [9.53701, 8, 14.30029]},
			"faces": {
				"north": {"uv": [8, 8, 16, 16], "texture": "#1", "tintindex": 0},
				"south": {"uv": [8, 8, 16, 16], "texture": "#1", "tintindex": 0},
				"west": {"uv": [0, 0, 0, 0], "texture": "#1", "tintindex": 0}
			}
		},
		{
			"from": [-1, -5, 8],
			"to": [17, 27, 8],
			"rotation": {"angle": 22.5, "axis": "y", "origin": [8, 0, 8]},
			"faces": {
				"north": {"uv": [0, 0, 8, 16], "texture": "#1", "tintindex": 0},
				"east": {"uv": [0, 0, 0, 16], "texture": "#missing"},
				"south": {"uv": [0, 0, 8, 16], "texture": "#1", "tintindex": 0},
				"west": {"uv": [0, 0, 0, 16], "texture": "#1", "tintindex": 0},
				"up": {"uv": [0, 0, 16, 0], "texture": "#missing"},
				"down": {"uv": [0, 0, 16, 0], "texture": "#missing"}
			}
		},
		{
			"from": [8, 0, -1],
			"to": [8, 32, 17],
			"rotation": {"angle": 0, "axis": "y", "origin": [8, 0, 8]},
			"faces": {
				"north": {"uv": [0, 0, 0, 16], "texture": "#1", "tintindex": 0},
				"east": {"uv": [0, 0, 8, 16], "texture": "#1", "tintindex": 0},
				"south": {"uv": [0, 7, 0, 16], "texture": "#missing"},
				"west": {"uv": [0, 0, 8, 16], "texture": "#1", "tintindex": 0},
				"up": {"uv": [0, 0, 16, 0], "rotation": 270, "texture": "#missing"},
				"down": {"uv": [0, 0, 16, 0], "rotation": 90, "texture": "#missing"}
			}
		}
	]
}