{"parent":"block/block",
	"textures":{
		"particle":"#texture",
		"texture":"#texture",
		"texture_up":"#texture_up"
	},
	"elements":[{
		"from":[0,0,0],"to":[16,14,16],
		"faces":{"down":{"uv":[0,0,16,16],"texture":"#texture","cullface":"down"},"up":{"uv":[0,0,16,16],"texture":"#texture_up"},"north":{"uv":[0,2,16,16],"texture":"#texture","cullface":"north"},"south":{"uv":[0,2,16,16],"texture":"#texture","cullface":"south"},"west":{"uv":[0,2,16,16],"texture":"#texture","cullface":"west"},"east":{"uv":[0,2,16,16],"texture":"#texture","cullface":"east"}}}]}