{
	"credit": "Made by Vexxel#9727 with Blockbench || https://github.com/Vexxel || 2022",
	"parent": "block/block",
	"textures": {
		"particle": "#side",
		"side": "#side",
		"bottom": "#bottom",
		"top": "#top"
	},
	"elements": [
		{
			"from": [3, 0, 3],
			"to": [13, 1, 13],
			"faces": {
				"north": {"uv": [3, 15, 13, 16], "texture": "#side"},
				"east": {"uv": [3, 15, 13, 16], "texture": "#side"},
				"south": {"uv": [3, 15, 13, 16], "texture": "#side"},
				"west": {"uv": [3, 15, 13, 16], "texture": "#side"},
				"down": {"uv": [3, 3, 13, 13], "texture": "#bottom"}
			}
		},
		{
			"from": [3, 1, 12],
			"to": [13, 11, 14],
			"faces": {
				"east": {"uv": [12, 5, 14, 15], "texture": "#side"},
				"south": {"uv": [3, 5, 13, 15], "texture": "#side"},
				"west": {"uv": [2, 5, 4, 15], "texture": "#side"},
				"up": {"uv": [3, 12, 13, 14], "texture": "#top"},
				"down": {"uv": [3, 2, 13, 4], "texture": "#bottom"}
			}
		},
		{
			"from": [3, 1, 2],
			"to": [13, 11, 4],
			"faces": {
				"north": {"uv": [3, 5, 13, 15], "texture": "#side"},
				"east": {"uv": [2, 5, 4, 15], "texture": "#side"},
				"west": {"uv": [12, 5, 14, 15], "texture": "#side"},
				"up": {"uv": [3, 2, 13, 4], "texture": "#top"},
				"down": {"uv": [3, 12, 13, 14], "texture": "#bottom"}
			}
		},
		{
			"from": [2, 1, 3],
			"to": [4, 11, 13],
			"faces": {
				"north": {"uv": [2, 5, 4, 15], "texture": "#side"},
				"south": {"uv": [12, 5, 14, 15], "texture": "#side"},
				"west": {"uv": [3, 5, 13, 15], "texture": "#side"},
				"up": {"uv": [2, 3, 4, 13], "texture": "#top"},
				"down": {"uv": [2, 3, 4, 13], "texture": "#bottom"}
			}
		},
		{
			"from": [12, 1, 3],
			"to": [14, 11, 13],
			"faces": {
				"north": {"uv": [12, 5, 14, 15], "texture": "#side"},
				"east": {"uv": [3, 5, 13, 15], "texture": "#side"},
				"south": {"uv": [2, 5, 4, 15], "texture": "#side"},
				"up": {"uv": [12, 3, 14, 13], "texture": "#top"},
				"down": {"uv": [12, 3, 14, 13], "texture": "#bottom"}
			}
		},
		{
			"from": [3, 11, 3],
			"to": [5, 12, 13],
			"faces": {
				"north": {"uv": [11, 4, 13, 5], "texture": "#side"},
				"south": {"uv": [3, 4, 5, 5], "texture": "#side"},
				"west": {"uv": [3, 4, 13, 5], "texture": "#side"},
				"up": {"uv": [3, 3, 5, 13], "texture": "#top"}
			}
		},
		{
			"from": [11, 11, 3],
			"to": [13, 12, 13],
			"faces": {
				"north": {"uv": [3, 4, 5, 5], "texture": "#side"},
				"east": {"uv": [3, 4, 13, 5], "texture": "#side"},
				"south": {"uv": [11, 4, 13, 5], "texture": "#side"},
				"up": {"uv": [11, 3, 13, 13], "texture": "#top"}
			}
		},
		{
			"from": [5, 11, 3],
			"to": [11, 12, 5],
			"faces": {
				"north": {"uv": [5, 4, 11, 5], "texture": "#side"},
				"up": {"uv": [5, 3, 11, 5], "texture": "#top"}
			}
		},
		{
			"from": [5, 11, 11],
			"to": [11, 12, 13],
			"faces": {
				"south": {"uv": [5, 4, 11, 5], "texture": "#side"},
				"up": {"uv": [5, 11, 11, 13], "texture": "#top"}
			}
		},
		{
			"from": [4, 12, 5],
			"to": [5, 13, 11],
			"faces": {
				"north": {"uv": [5, 3, 6, 4], "texture": "#side"},
				"south": {"uv": [10, 3, 11, 4], "texture": "#side"},
				"west": {"uv": [5, 3, 11, 4], "texture": "#side"}
			}
		},
		{
			"from": [11, 12, 5],
			"to": [12, 13, 11],
			"faces": {
				"north": {"uv": [10, 3, 11, 4], "texture": "#side"},
				"east": {"uv": [5, 3, 11, 4], "texture": "#side"},
				"south": {"uv": [5, 3, 6, 4], "texture": "#side"}
			}
		},
		{
			"from": [5, 12, 11],
			"to": [11, 13, 12],
			"faces": {
				"east": {"uv": [10, 3, 11, 4], "texture": "#side"},
				"south": {"uv": [5, 3, 11, 4], "texture": "#side"},
				"west": {"uv": [5, 3, 6, 4], "texture": "#side"}
			}
		},
		{
			"from": [5, 12, 4],
			"to": [11, 13, 5],
			"faces": {
				"north": {"uv": [5, 3, 11, 4], "texture": "#side"},
				"east": {"uv": [5, 3, 6, 4], "texture": "#side"},
				"west": {"uv": [10, 3, 11, 4], "texture": "#side"}
			}
		},
		{
			"from": [3.75, 13, 3.75],
			"to": [12.25, 14, 12.25],
			"faces": {
				"north": {"uv": [4, 2, 12, 3], "texture": "#side"},
				"east": {"uv": [4, 2, 12, 3], "texture": "#side"},
				"south": {"uv": [4, 2, 12, 3], "texture": "#side"},
				"west": {"uv": [4, 2, 12, 3], "texture": "#side"},
				"up": {"uv": [4, 4, 12, 12], "texture": "#top"},
				"down": {"uv": [4, 4, 12, 12], "texture": "#top"}
			}
		},
		{
			"from": [6.925, 13.9, 6.925],
			"to": [9.075, 15, 9.075],
			"faces": {
				"north": {"uv": [7, 8, 9, 9], "texture": "#top"},
				"east": {"uv": [7, 7, 9, 8], "texture": "#top"},
				"south": {"uv": [7, 7, 9, 8], "texture": "#top"},
				"west": {"uv": [7, 8, 9, 9], "texture": "#top"},
				"up": {"uv": [7, 7, 9, 9], "texture": "#top"}
			}
		}
	]
}